rgn_id,product,year,tonnes
1.0,corals,1981,0.1
1.0,corals,1982,0.1
1.0,corals,1983,0.1
1.0,corals,1984,0.1
1.0,corals,1985,0.1
1.0,corals,1986,0.1
1.0,corals,1987,0.1
1.0,corals,1988,0.075
1.0,corals,1989,0.05
1.0,corals,1990,0.025
1.0,corals,1991,0.0
1.0,corals,1992,0.0
1.0,corals,1993,0.0
1.0,corals,1994,0.0
1.0,corals,1995,0.0
1.0,corals,1996,0.0
1.0,corals,1997,0.0
1.0,corals,1998,0.0
1.0,corals,1999,0.0
1.0,corals,2000,0.0
1.0,corals,2001,0.0
1.0,corals,2002,0.0
1.0,corals,2003,0.0
1.0,corals,2004,0.0
1.0,corals,2005,0.0
1.0,corals,2006,0.0
1.0,corals,2007,0.0
1.0,corals,2008,0.0
1.0,corals,2009,0.0
1.0,corals,2010,0.0
1.0,corals,2011,0.0
1.0,fish_oil,1976,5992.0
1.0,fish_oil,1977,4339.0
1.0,fish_oil,1978,3491.0
1.0,fish_oil,1979,3431.0
1.0,fish_oil,1980,2729.75
1.0,fish_oil,1981,2472.5
1.0,fish_oil,1982,3003.5
1.0,fish_oil,1983,2296.0
1.0,fish_oil,1984,1951.25
1.0,fish_oil,1985,3515.5
1.0,fish_oil,1986,3126.25
1.0,fish_oil,1987,3570.0
1.0,fish_oil,1988,3690.0
1.0,fish_oil,1989,2674.75
1.0,fish_oil,1990,3781.0
1.0,fish_oil,1991,4103.0
1.0,fish_oil,1992,4988.75
1.0,fish_oil,1993,5673.0
1.0,fish_oil,1994,5218.5
1.0,fish_oil,1995,5224.5
1.0,fish_oil,1996,5525.75
1.0,fish_oil,1997,5237.75
1.0,fish_oil,1998,4867.75
1.0,fish_oil,1999,5782.0
1.0,fish_oil,2000,5065.0
1.0,fish_oil,2001,5102.5
1.0,fish_oil,2002,5772.0
1.0,fish_oil,2003,5090.0
1.0,fish_oil,2004,5107.0
1.0,fish_oil,2005,4705.5
1.0,fish_oil,2006,4529.5
1.0,fish_oil,2007,4416.0
1.0,fish_oil,2008,4521.0
1.0,fish_oil,2009,4195.0
1.0,fish_oil,2010,3628.25
1.0,fish_oil,2011,3839.75
1.0,ornamentals,1977,30.0
1.0,ornamentals,1978,15.05
1.0,ornamentals,1979,10.0666666666667
1.0,ornamentals,1980,7.575
1.0,ornamentals,1981,0.075
1.0,ornamentals,1982,0.05
1.0,ornamentals,1983,0.025
1.0,ornamentals,1984,0.0
1.0,ornamentals,1985,0.0
1.0,ornamentals,1986,0.0
1.0,ornamentals,1987,0.025
1.0,ornamentals,1988,0.05
1.0,ornamentals,1989,0.075
1.0,ornamentals,1990,0.1
1.0,ornamentals,1991,0.1
1.0,ornamentals,1992,0.575
1.0,ornamentals,1993,50.8
1.0,ornamentals,1994,68.525
1.0,ornamentals,1995,117.25
1.0,ornamentals,1996,700.5
1.0,ornamentals,1997,820.5
1.0,ornamentals,1998,1011.25
1.0,ornamentals,1999,1217.5
1.0,ornamentals,2000,918.25
1.0,ornamentals,2001,1130.25
1.0,ornamentals,2002,1063.75
1.0,ornamentals,2003,1406.75
1.0,ornamentals,2004,1865.5
1.0,ornamentals,2005,2444.75
1.0,ornamentals,2006,3376.75
1.0,ornamentals,2007,3873.5
1.0,ornamentals,2008,4076.0
1.0,ornamentals,2009,4727.5
1.0,ornamentals,2010,5675.75
1.0,ornamentals,2011,6886.75
1.0,seaweeds,1981,812.0
1.0,seaweeds,1982,406.0
1.0,seaweeds,1983,586.0
1.0,seaweeds,1984,439.5
1.0,seaweeds,1985,236.5
1.0,seaweeds,1986,375.75
1.0,seaweeds,1987,318.25
1.0,seaweeds,1988,569.25
1.0,seaweeds,1989,741.0
1.0,seaweeds,1990,678.0
1.0,seaweeds,1991,625.5
1.0,seaweeds,1992,478.5
1.0,seaweeds,1993,402.0
1.0,seaweeds,1994,519.0
1.0,seaweeds,1995,597.5
1.0,seaweeds,1996,791.75
1.0,seaweeds,1997,969.0
1.0,seaweeds,1998,1059.5
1.0,seaweeds,1999,1047.75
1.0,seaweeds,2000,986.75
1.0,seaweeds,2001,890.75
1.0,seaweeds,2002,808.5
1.0,seaweeds,2003,806.75
1.0,seaweeds,2004,840.25
1.0,seaweeds,2005,951.0
1.0,seaweeds,2006,1017.0
1.0,seaweeds,2007,1135.25
1.0,seaweeds,2008,1098.5
1.0,seaweeds,2009,1074.75
1.0,seaweeds,2010,1106.75
1.0,seaweeds,2011,1142.0
1.0,shells,1981,139.0
1.0,shells,1982,122.0
1.0,shells,1983,157.0
1.0,shells,1984,168.75
1.0,shells,1985,148.25
1.0,shells,1986,133.75
1.0,shells,1987,89.25
1.0,shells,1988,50.0
1.0,shells,1989,137.75
1.0,shells,1990,189.75
1.0,shells,1991,179.5
1.0,shells,1992,169.0
1.0,shells,1993,68.5
1.0,shells,1994,7.0
1.0,shells,1995,16.5
1.0,shells,1996,45.0
1.0,shells,1997,147.0
1.0,shells,1998,145.0
1.0,shells,1999,134.0
1.0,shells,2000,104.75
1.0,shells,2001,1.75
1.0,shells,2002,3.5
1.0,shells,2003,4.5
1.0,shells,2004,8.25
1.0,shells,2005,12.75
1.0,shells,2006,12.75
1.0,shells,2007,11.275
1.0,shells,2008,8.275
1.0,shells,2009,4.775
1.0,shells,2010,3.025
1.0,shells,2011,4.0
1.0,sponges,1981,0.1
1.0,sponges,1982,0.1
1.0,sponges,1983,0.1
1.0,sponges,1984,0.1
1.0,sponges,1985,0.1
1.0,sponges,1986,0.1
1.0,sponges,1987,0.1
1.0,sponges,1988,0.1
1.0,sponges,1989,0.1
1.0,sponges,1990,1.075
1.0,sponges,1991,2.55
1.0,sponges,1992,4.025
1.0,sponges,1993,4.25
1.0,sponges,1994,7.025
1.0,sponges,1995,8.8
1.0,sponges,1996,8.3
1.0,sponges,1997,13.825
1.0,sponges,1998,10.575
1.0,sponges,1999,7.575
1.0,sponges,2000,8.1
1.0,sponges,2001,4.1
1.0,sponges,2002,3.625
1.0,sponges,2003,3.4
1.0,sponges,2004,1.925
1.0,sponges,2005,0.2
1.0,sponges,2006,0.675
1.0,sponges,2007,4463.15
1.0,sponges,2008,9285.35
1.0,sponges,2009,14643.3
1.0,sponges,2010,19206.55
1.0,sponges,2011,19295.55
2.0,corals,1981,0.1
2.0,corals,1982,0.1
2.0,corals,1983,0.1
2.0,corals,1984,0.1
2.0,corals,1985,0.1
2.0,corals,1986,0.1
2.0,corals,1987,0.1
2.0,corals,1988,0.075
2.0,corals,1989,0.05
2.0,corals,1990,0.025
2.0,corals,1991,0.0
2.0,corals,1992,0.0
2.0,corals,1993,0.0
2.0,corals,1994,0.0
2.0,corals,1995,0.0
2.0,corals,1996,0.0
2.0,corals,1997,0.0
2.0,corals,1998,0.0
2.0,corals,1999,0.0
2.0,corals,2000,0.0
2.0,corals,2001,0.0
2.0,corals,2002,0.0
2.0,corals,2003,0.0
2.0,corals,2004,0.0
2.0,corals,2005,0.0
2.0,corals,2006,0.0
2.0,corals,2007,0.0
2.0,corals,2008,0.0
2.0,corals,2009,0.0
2.0,corals,2010,0.0
2.0,corals,2011,0.0
2.0,fish_oil,1976,5992.0
2.0,fish_oil,1977,4339.0
2.0,fish_oil,1978,3491.0
2.0,fish_oil,1979,3431.0
2.0,fish_oil,1980,2729.75
2.0,fish_oil,1981,2472.5
2.0,fish_oil,1982,3003.5
2.0,fish_oil,1983,2296.0
2.0,fish_oil,1984,1951.25
2.0,fish_oil,1985,3515.5
2.0,fish_oil,1986,3126.25
2.0,fish_oil,1987,3570.0
2.0,fish_oil,1988,3690.0
2.0,fish_oil,1989,2674.75
2.0,fish_oil,1990,3781.0
2.0,fish_oil,1991,4103.0
2.0,fish_oil,1992,4988.75
2.0,fish_oil,1993,5673.0
2.0,fish_oil,1994,5218.5
2.0,fish_oil,1995,5224.5
2.0,fish_oil,1996,5525.75
2.0,fish_oil,1997,5237.75
2.0,fish_oil,1998,4867.75
2.0,fish_oil,1999,5782.0
2.0,fish_oil,2000,5065.0
2.0,fish_oil,2001,5102.5
2.0,fish_oil,2002,5772.0
2.0,fish_oil,2003,5090.0
2.0,fish_oil,2004,5107.0
2.0,fish_oil,2005,4705.5
2.0,fish_oil,2006,4529.5
2.0,fish_oil,2007,4416.0
2.0,fish_oil,2008,4521.0
2.0,fish_oil,2009,4195.0
2.0,fish_oil,2010,3628.25
2.0,fish_oil,2011,3839.75
2.0,ornamentals,1977,30.0
2.0,ornamentals,1978,15.05
2.0,ornamentals,1979,10.0666666666667
2.0,ornamentals,1980,7.575
2.0,ornamentals,1981,0.075
2.0,ornamentals,1982,0.05
2.0,ornamentals,1983,0.025
2.0,ornamentals,1984,0.0
2.0,ornamentals,1985,0.0
2.0,ornamentals,1986,0.0
2.0,ornamentals,1987,0.025
2.0,ornamentals,1988,0.05
2.0,ornamentals,1989,0.075
2.0,ornamentals,1990,0.1
2.0,ornamentals,1991,0.1
2.0,ornamentals,1992,0.575
2.0,ornamentals,1993,50.8
2.0,ornamentals,1994,68.525
2.0,ornamentals,1995,117.25
2.0,ornamentals,1996,700.5
2.0,ornamentals,1997,820.5
2.0,ornamentals,1998,1011.25
2.0,ornamentals,1999,1217.5
2.0,ornamentals,2000,918.25
2.0,ornamentals,2001,1130.25
2.0,ornamentals,2002,1063.75
2.0,ornamentals,2003,1406.75
2.0,ornamentals,2004,1865.5
2.0,ornamentals,2005,2444.75
2.0,ornamentals,2006,3376.75
2.0,ornamentals,2007,3873.5
2.0,ornamentals,2008,4076.0
2.0,ornamentals,2009,4727.5
2.0,ornamentals,2010,5675.75
2.0,ornamentals,2011,6886.75
2.0,seaweeds,1981,812.0
2.0,seaweeds,1982,406.0
2.0,seaweeds,1983,586.0
2.0,seaweeds,1984,439.5
2.0,seaweeds,1985,236.5
2.0,seaweeds,1986,375.75
2.0,seaweeds,1987,318.25
2.0,seaweeds,1988,569.25
2.0,seaweeds,1989,741.0
2.0,seaweeds,1990,678.0
2.0,seaweeds,1991,625.5
2.0,seaweeds,1992,478.5
2.0,seaweeds,1993,402.0
2.0,seaweeds,1994,519.0
2.0,seaweeds,1995,597.5
2.0,seaweeds,1996,791.75
2.0,seaweeds,1997,969.0
2.0,seaweeds,1998,1059.5
2.0,seaweeds,1999,1047.75
2.0,seaweeds,2000,986.75
2.0,seaweeds,2001,890.75
2.0,seaweeds,2002,808.5
2.0,seaweeds,2003,806.75
2.0,seaweeds,2004,840.25
2.0,seaweeds,2005,951.0
2.0,seaweeds,2006,1017.0
2.0,seaweeds,2007,1135.25
2.0,seaweeds,2008,1098.5
2.0,seaweeds,2009,1074.75
2.0,seaweeds,2010,1106.75
2.0,seaweeds,2011,1142.0
2.0,shells,1981,139.0
2.0,shells,1982,122.0
2.0,shells,1983,157.0
2.0,shells,1984,168.75
2.0,shells,1985,148.25
2.0,shells,1986,133.75
2.0,shells,1987,89.25
2.0,shells,1988,50.0
2.0,shells,1989,137.75
2.0,shells,1990,189.75
2.0,shells,1991,179.5
2.0,shells,1992,169.0
2.0,shells,1993,68.5
2.0,shells,1994,7.0
2.0,shells,1995,16.5
2.0,shells,1996,45.0
2.0,shells,1997,147.0
2.0,shells,1998,145.0
2.0,shells,1999,134.0
2.0,shells,2000,104.75
2.0,shells,2001,1.75
2.0,shells,2002,3.5
2.0,shells,2003,4.5
2.0,shells,2004,8.25
2.0,shells,2005,12.75
2.0,shells,2006,12.75
2.0,shells,2007,11.275
2.0,shells,2008,8.275
2.0,shells,2009,4.775
2.0,shells,2010,3.025
2.0,shells,2011,4.0
2.0,sponges,1981,0.1
2.0,sponges,1982,0.1
2.0,sponges,1983,0.1
2.0,sponges,1984,0.1
2.0,sponges,1985,0.1
2.0,sponges,1986,0.1
2.0,sponges,1987,0.1
2.0,sponges,1988,0.1
2.0,sponges,1989,0.1
2.0,sponges,1990,1.075
2.0,sponges,1991,2.55
2.0,sponges,1992,4.025
2.0,sponges,1993,4.25
2.0,sponges,1994,7.025
2.0,sponges,1995,8.8
2.0,sponges,1996,8.3
2.0,sponges,1997,13.825
2.0,sponges,1998,10.575
2.0,sponges,1999,7.575
2.0,sponges,2000,8.1
2.0,sponges,2001,4.1
2.0,sponges,2002,3.625
2.0,sponges,2003,3.4
2.0,sponges,2004,1.925
2.0,sponges,2005,0.2
2.0,sponges,2006,0.675
2.0,sponges,2007,4463.15
2.0,sponges,2008,9285.35
2.0,sponges,2009,14643.3
2.0,sponges,2010,19206.55
2.0,sponges,2011,19295.55
3.0,corals,1981,0.1
3.0,corals,1982,0.1
3.0,corals,1983,0.1
3.0,corals,1984,0.1
3.0,corals,1985,0.1
3.0,corals,1986,0.1
3.0,corals,1987,0.1
3.0,corals,1988,0.075
3.0,corals,1989,0.05
3.0,corals,1990,0.025
3.0,corals,1991,0.0
3.0,corals,1992,0.0
3.0,corals,1993,0.0
3.0,corals,1994,0.0
3.0,corals,1995,0.0
3.0,corals,1996,0.0
3.0,corals,1997,0.0
3.0,corals,1998,0.0
3.0,corals,1999,0.0
3.0,corals,2000,0.0
3.0,corals,2001,0.0
3.0,corals,2002,0.0
3.0,corals,2003,0.0
3.0,corals,2004,0.0
3.0,corals,2005,0.0
3.0,corals,2006,0.0
3.0,corals,2007,0.0
3.0,corals,2008,0.0
3.0,corals,2009,0.0
3.0,corals,2010,0.0
3.0,corals,2011,0.0
3.0,fish_oil,1976,5992.0
3.0,fish_oil,1977,4339.0
3.0,fish_oil,1978,3491.0
3.0,fish_oil,1979,3431.0
3.0,fish_oil,1980,2729.75
3.0,fish_oil,1981,2472.5
3.0,fish_oil,1982,3003.5
3.0,fish_oil,1983,2296.0
3.0,fish_oil,1984,1951.25
3.0,fish_oil,1985,3515.5
3.0,fish_oil,1986,3126.25
3.0,fish_oil,1987,3570.0
3.0,fish_oil,1988,3690.0
3.0,fish_oil,1989,2674.75
3.0,fish_oil,1990,3781.0
3.0,fish_oil,1991,4103.0
3.0,fish_oil,1992,4988.75
3.0,fish_oil,1993,5673.0
3.0,fish_oil,1994,5218.5
3.0,fish_oil,1995,5224.5
3.0,fish_oil,1996,5525.75
3.0,fish_oil,1997,5237.75
3.0,fish_oil,1998,4867.75
3.0,fish_oil,1999,5782.0
3.0,fish_oil,2000,5065.0
3.0,fish_oil,2001,5102.5
3.0,fish_oil,2002,5772.0
3.0,fish_oil,2003,5090.0
3.0,fish_oil,2004,5107.0
3.0,fish_oil,2005,4705.5
3.0,fish_oil,2006,4529.5
3.0,fish_oil,2007,4416.0
3.0,fish_oil,2008,4521.0
3.0,fish_oil,2009,4195.0
3.0,fish_oil,2010,3628.25
3.0,fish_oil,2011,3839.75
3.0,ornamentals,1977,30.0
3.0,ornamentals,1978,15.05
3.0,ornamentals,1979,10.0666666666667
3.0,ornamentals,1980,7.575
3.0,ornamentals,1981,0.075
3.0,ornamentals,1982,0.05
3.0,ornamentals,1983,0.025
3.0,ornamentals,1984,0.0
3.0,ornamentals,1985,0.0
3.0,ornamentals,1986,0.0
3.0,ornamentals,1987,0.025
3.0,ornamentals,1988,0.05
3.0,ornamentals,1989,0.075
3.0,ornamentals,1990,0.1
3.0,ornamentals,1991,0.1
3.0,ornamentals,1992,0.575
3.0,ornamentals,1993,50.8
3.0,ornamentals,1994,68.525
3.0,ornamentals,1995,117.25
3.0,ornamentals,1996,700.5
3.0,ornamentals,1997,820.5
3.0,ornamentals,1998,1011.25
3.0,ornamentals,1999,1217.5
3.0,ornamentals,2000,918.25
3.0,ornamentals,2001,1130.25
3.0,ornamentals,2002,1063.75
3.0,ornamentals,2003,1406.75
3.0,ornamentals,2004,1865.5
3.0,ornamentals,2005,2444.75
3.0,ornamentals,2006,3376.75
3.0,ornamentals,2007,3873.5
3.0,ornamentals,2008,4076.0
3.0,ornamentals,2009,4727.5
3.0,ornamentals,2010,5675.75
3.0,ornamentals,2011,6886.75
3.0,seaweeds,1981,812.0
3.0,seaweeds,1982,406.0
3.0,seaweeds,1983,586.0
3.0,seaweeds,1984,439.5
3.0,seaweeds,1985,236.5
3.0,seaweeds,1986,375.75
3.0,seaweeds,1987,318.25
3.0,seaweeds,1988,569.25
3.0,seaweeds,1989,741.0
3.0,seaweeds,1990,678.0
3.0,seaweeds,1991,625.5
3.0,seaweeds,1992,478.5
3.0,seaweeds,1993,402.0
3.0,seaweeds,1994,519.0
3.0,seaweeds,1995,597.5
3.0,seaweeds,1996,791.75
3.0,seaweeds,1997,969.0
3.0,seaweeds,1998,1059.5
3.0,seaweeds,1999,1047.75
3.0,seaweeds,2000,986.75
3.0,seaweeds,2001,890.75
3.0,seaweeds,2002,808.5
3.0,seaweeds,2003,806.75
3.0,seaweeds,2004,840.25
3.0,seaweeds,2005,951.0
3.0,seaweeds,2006,1017.0
3.0,seaweeds,2007,1135.25
3.0,seaweeds,2008,1098.5
3.0,seaweeds,2009,1074.75
3.0,seaweeds,2010,1106.75
3.0,seaweeds,2011,1142.0
3.0,shells,1981,139.0
3.0,shells,1982,122.0
3.0,shells,1983,157.0
3.0,shells,1984,168.75
3.0,shells,1985,148.25
3.0,shells,1986,133.75
3.0,shells,1987,89.25
3.0,shells,1988,50.0
3.0,shells,1989,137.75
3.0,shells,1990,189.75
3.0,shells,1991,179.5
3.0,shells,1992,169.0
3.0,shells,1993,68.5
3.0,shells,1994,7.0
3.0,shells,1995,16.5
3.0,shells,1996,45.0
3.0,shells,1997,147.0
3.0,shells,1998,145.0
3.0,shells,1999,134.0
3.0,shells,2000,104.75
3.0,shells,2001,1.75
3.0,shells,2002,3.5
3.0,shells,2003,4.5
3.0,shells,2004,8.25
3.0,shells,2005,12.75
3.0,shells,2006,12.75
3.0,shells,2007,11.275
3.0,shells,2008,8.275
3.0,shells,2009,4.775
3.0,shells,2010,3.025
3.0,shells,2011,4.0
3.0,sponges,1981,0.1
3.0,sponges,1982,0.1
3.0,sponges,1983,0.1
3.0,sponges,1984,0.1
3.0,sponges,1985,0.1
3.0,sponges,1986,0.1
3.0,sponges,1987,0.1
3.0,sponges,1988,0.1
3.0,sponges,1989,0.1
3.0,sponges,1990,1.075
3.0,sponges,1991,2.55
3.0,sponges,1992,4.025
3.0,sponges,1993,4.25
3.0,sponges,1994,7.025
3.0,sponges,1995,8.8
3.0,sponges,1996,8.3
3.0,sponges,1997,13.825
3.0,sponges,1998,10.575
3.0,sponges,1999,7.575
3.0,sponges,2000,8.1
3.0,sponges,2001,4.1
3.0,sponges,2002,3.625
3.0,sponges,2003,3.4
3.0,sponges,2004,1.925
3.0,sponges,2005,0.2
3.0,sponges,2006,0.675
3.0,sponges,2007,4463.15
3.0,sponges,2008,9285.35
3.0,sponges,2009,14643.3
3.0,sponges,2010,19206.55
3.0,sponges,2011,19295.55
4.0,corals,1981,0.1
4.0,corals,1982,0.1
4.0,corals,1983,0.1
4.0,corals,1984,0.1
4.0,corals,1985,0.1
4.0,corals,1986,0.1
4.0,corals,1987,0.1
4.0,corals,1988,0.075
4.0,corals,1989,0.05
4.0,corals,1990,0.025
4.0,corals,1991,0.0
4.0,corals,1992,0.0
4.0,corals,1993,0.0
4.0,corals,1994,0.0
4.0,corals,1995,0.0
4.0,corals,1996,0.0
4.0,corals,1997,0.0
4.0,corals,1998,0.0
4.0,corals,1999,0.0
4.0,corals,2000,0.0
4.0,corals,2001,0.0
4.0,corals,2002,0.0
4.0,corals,2003,0.0
4.0,corals,2004,0.0
4.0,corals,2005,0.0
4.0,corals,2006,0.0
4.0,corals,2007,0.0
4.0,corals,2008,0.0
4.0,corals,2009,0.0
4.0,corals,2010,0.0
4.0,corals,2011,0.0
4.0,fish_oil,1976,5992.0
4.0,fish_oil,1977,4339.0
4.0,fish_oil,1978,3491.0
4.0,fish_oil,1979,3431.0
4.0,fish_oil,1980,2729.75
4.0,fish_oil,1981,2472.5
4.0,fish_oil,1982,3003.5
4.0,fish_oil,1983,2296.0
4.0,fish_oil,1984,1951.25
4.0,fish_oil,1985,3515.5
4.0,fish_oil,1986,3126.25
4.0,fish_oil,1987,3570.0
4.0,fish_oil,1988,3690.0
4.0,fish_oil,1989,2674.75
4.0,fish_oil,1990,3781.0
4.0,fish_oil,1991,4103.0
4.0,fish_oil,1992,4988.75
4.0,fish_oil,1993,5673.0
4.0,fish_oil,1994,5218.5
4.0,fish_oil,1995,5224.5
4.0,fish_oil,1996,5525.75
4.0,fish_oil,1997,5237.75
4.0,fish_oil,1998,4867.75
4.0,fish_oil,1999,5782.0
4.0,fish_oil,2000,5065.0
4.0,fish_oil,2001,5102.5
4.0,fish_oil,2002,5772.0
4.0,fish_oil,2003,5090.0
4.0,fish_oil,2004,5107.0
4.0,fish_oil,2005,4705.5
4.0,fish_oil,2006,4529.5
4.0,fish_oil,2007,4416.0
4.0,fish_oil,2008,4521.0
4.0,fish_oil,2009,4195.0
4.0,fish_oil,2010,3628.25
4.0,fish_oil,2011,3839.75
4.0,ornamentals,1977,30.0
4.0,ornamentals,1978,15.05
4.0,ornamentals,1979,10.0666666666667
4.0,ornamentals,1980,7.575
4.0,ornamentals,1981,0.075
4.0,ornamentals,1982,0.05
4.0,ornamentals,1983,0.025
4.0,ornamentals,1984,0.0
4.0,ornamentals,1985,0.0
4.0,ornamentals,1986,0.0
4.0,ornamentals,1987,0.025
4.0,ornamentals,1988,0.05
4.0,ornamentals,1989,0.075
4.0,ornamentals,1990,0.1
4.0,ornamentals,1991,0.1
4.0,ornamentals,1992,0.575
4.0,ornamentals,1993,50.8
4.0,ornamentals,1994,68.525
4.0,ornamentals,1995,117.25
4.0,ornamentals,1996,700.5
4.0,ornamentals,1997,820.5
4.0,ornamentals,1998,1011.25
4.0,ornamentals,1999,1217.5
4.0,ornamentals,2000,918.25
4.0,ornamentals,2001,1130.25
4.0,ornamentals,2002,1063.75
4.0,ornamentals,2003,1406.75
4.0,ornamentals,2004,1865.5
4.0,ornamentals,2005,2444.75
4.0,ornamentals,2006,3376.75
4.0,ornamentals,2007,3873.5
4.0,ornamentals,2008,4076.0
4.0,ornamentals,2009,4727.5
4.0,ornamentals,2010,5675.75
4.0,ornamentals,2011,6886.75
4.0,seaweeds,1981,812.0
4.0,seaweeds,1982,406.0
4.0,seaweeds,1983,586.0
4.0,seaweeds,1984,439.5
4.0,seaweeds,1985,236.5
4.0,seaweeds,1986,375.75
4.0,seaweeds,1987,318.25
4.0,seaweeds,1988,569.25
4.0,seaweeds,1989,741.0
4.0,seaweeds,1990,678.0
4.0,seaweeds,1991,625.5
4.0,seaweeds,1992,478.5
4.0,seaweeds,1993,402.0
4.0,seaweeds,1994,519.0
4.0,seaweeds,1995,597.5
4.0,seaweeds,1996,791.75
4.0,seaweeds,1997,969.0
4.0,seaweeds,1998,1059.5
4.0,seaweeds,1999,1047.75
4.0,seaweeds,2000,986.75
4.0,seaweeds,2001,890.75
4.0,seaweeds,2002,808.5
4.0,seaweeds,2003,806.75
4.0,seaweeds,2004,840.25
4.0,seaweeds,2005,951.0
4.0,seaweeds,2006,1017.0
4.0,seaweeds,2007,1135.25
4.0,seaweeds,2008,1098.5
4.0,seaweeds,2009,1074.75
4.0,seaweeds,2010,1106.75
4.0,seaweeds,2011,1142.0
4.0,shells,1981,139.0
4.0,shells,1982,122.0
4.0,shells,1983,157.0
4.0,shells,1984,168.75
4.0,shells,1985,148.25
4.0,shells,1986,133.75
4.0,shells,1987,89.25
4.0,shells,1988,50.0
4.0,shells,1989,137.75
4.0,shells,1990,189.75
4.0,shells,1991,179.5
4.0,shells,1992,169.0
4.0,shells,1993,68.5
4.0,shells,1994,7.0
4.0,shells,1995,16.5
4.0,shells,1996,45.0
4.0,shells,1997,147.0
4.0,shells,1998,145.0
4.0,shells,1999,134.0
4.0,shells,2000,104.75
4.0,shells,2001,1.75
4.0,shells,2002,3.5
4.0,shells,2003,4.5
4.0,shells,2004,8.25
4.0,shells,2005,12.75
4.0,shells,2006,12.75
4.0,shells,2007,11.275
4.0,shells,2008,8.275
4.0,shells,2009,4.775
4.0,shells,2010,3.025
4.0,shells,2011,4.0
4.0,sponges,1981,0.1
4.0,sponges,1982,0.1
4.0,sponges,1983,0.1
4.0,sponges,1984,0.1
4.0,sponges,1985,0.1
4.0,sponges,1986,0.1
4.0,sponges,1987,0.1
4.0,sponges,1988,0.1
4.0,sponges,1989,0.1
4.0,sponges,1990,1.075
4.0,sponges,1991,2.55
4.0,sponges,1992,4.025
4.0,sponges,1993,4.25
4.0,sponges,1994,7.025
4.0,sponges,1995,8.8
4.0,sponges,1996,8.3
4.0,sponges,1997,13.825
4.0,sponges,1998,10.575
4.0,sponges,1999,7.575
4.0,sponges,2000,8.1
4.0,sponges,2001,4.1
4.0,sponges,2002,3.625
4.0,sponges,2003,3.4
4.0,sponges,2004,1.925
4.0,sponges,2005,0.2
4.0,sponges,2006,0.675
4.0,sponges,2007,4463.15
4.0,sponges,2008,9285.35
4.0,sponges,2009,14643.3
4.0,sponges,2010,19206.55
4.0,sponges,2011,19295.55
5.0,corals,1981,0.1
5.0,corals,1982,0.1
5.0,corals,1983,0.1
5.0,corals,1984,0.1
5.0,corals,1985,0.1
5.0,corals,1986,0.1
5.0,corals,1987,0.1
5.0,corals,1988,0.075
5.0,corals,1989,0.05
5.0,corals,1990,0.025
5.0,corals,1991,0.0
5.0,corals,1992,0.0
5.0,corals,1993,0.0
5.0,corals,1994,0.0
5.0,corals,1995,0.0
5.0,corals,1996,0.0
5.0,corals,1997,0.0
5.0,corals,1998,0.0
5.0,corals,1999,0.0
5.0,corals,2000,0.0
5.0,corals,2001,0.0
5.0,corals,2002,0.0
5.0,corals,2003,0.0
5.0,corals,2004,0.0
5.0,corals,2005,0.0
5.0,corals,2006,0.0
5.0,corals,2007,0.0
5.0,corals,2008,0.0
5.0,corals,2009,0.0
5.0,corals,2010,0.0
5.0,corals,2011,0.0
5.0,fish_oil,1976,5992.0
5.0,fish_oil,1977,4339.0
5.0,fish_oil,1978,3491.0
5.0,fish_oil,1979,3431.0
5.0,fish_oil,1980,2729.75
5.0,fish_oil,1981,2472.5
5.0,fish_oil,1982,3003.5
5.0,fish_oil,1983,2296.0
5.0,fish_oil,1984,1951.25
5.0,fish_oil,1985,3515.5
5.0,fish_oil,1986,3126.25
5.0,fish_oil,1987,3570.0
5.0,fish_oil,1988,3690.0
5.0,fish_oil,1989,2674.75
5.0,fish_oil,1990,3781.0
5.0,fish_oil,1991,4103.0
5.0,fish_oil,1992,4988.75
5.0,fish_oil,1993,5673.0
5.0,fish_oil,1994,5218.5
5.0,fish_oil,1995,5224.5
5.0,fish_oil,1996,5525.75
5.0,fish_oil,1997,5237.75
5.0,fish_oil,1998,4867.75
5.0,fish_oil,1999,5782.0
5.0,fish_oil,2000,5065.0
5.0,fish_oil,2001,5102.5
5.0,fish_oil,2002,5772.0
5.0,fish_oil,2003,5090.0
5.0,fish_oil,2004,5107.0
5.0,fish_oil,2005,4705.5
5.0,fish_oil,2006,4529.5
5.0,fish_oil,2007,4416.0
5.0,fish_oil,2008,4521.0
5.0,fish_oil,2009,4195.0
5.0,fish_oil,2010,3628.25
5.0,fish_oil,2011,3839.75
5.0,ornamentals,1977,30.0
5.0,ornamentals,1978,15.05
5.0,ornamentals,1979,10.0666666666667
5.0,ornamentals,1980,7.575
5.0,ornamentals,1981,0.075
5.0,ornamentals,1982,0.05
5.0,ornamentals,1983,0.025
5.0,ornamentals,1984,0.0
5.0,ornamentals,1985,0.0
5.0,ornamentals,1986,0.0
5.0,ornamentals,1987,0.025
5.0,ornamentals,1988,0.05
5.0,ornamentals,1989,0.075
5.0,ornamentals,1990,0.1
5.0,ornamentals,1991,0.1
5.0,ornamentals,1992,0.575
5.0,ornamentals,1993,50.8
5.0,ornamentals,1994,68.525
5.0,ornamentals,1995,117.25
5.0,ornamentals,1996,700.5
5.0,ornamentals,1997,820.5
5.0,ornamentals,1998,1011.25
5.0,ornamentals,1999,1217.5
5.0,ornamentals,2000,918.25
5.0,ornamentals,2001,1130.25
5.0,ornamentals,2002,1063.75
5.0,ornamentals,2003,1406.75
5.0,ornamentals,2004,1865.5
5.0,ornamentals,2005,2444.75
5.0,ornamentals,2006,3376.75
5.0,ornamentals,2007,3873.5
5.0,ornamentals,2008,4076.0
5.0,ornamentals,2009,4727.5
5.0,ornamentals,2010,5675.75
5.0,ornamentals,2011,6886.75
5.0,seaweeds,1981,812.0
5.0,seaweeds,1982,406.0
5.0,seaweeds,1983,586.0
5.0,seaweeds,1984,439.5
5.0,seaweeds,1985,236.5
5.0,seaweeds,1986,375.75
5.0,seaweeds,1987,318.25
5.0,seaweeds,1988,569.25
5.0,seaweeds,1989,741.0
5.0,seaweeds,1990,678.0
5.0,seaweeds,1991,625.5
5.0,seaweeds,1992,478.5
5.0,seaweeds,1993,402.0
5.0,seaweeds,1994,519.0
5.0,seaweeds,1995,597.5
5.0,seaweeds,1996,791.75
5.0,seaweeds,1997,969.0
5.0,seaweeds,1998,1059.5
5.0,seaweeds,1999,1047.75
5.0,seaweeds,2000,986.75
5.0,seaweeds,2001,890.75
5.0,seaweeds,2002,808.5
5.0,seaweeds,2003,806.75
5.0,seaweeds,2004,840.25
5.0,seaweeds,2005,951.0
5.0,seaweeds,2006,1017.0
5.0,seaweeds,2007,1135.25
5.0,seaweeds,2008,1098.5
5.0,seaweeds,2009,1074.75
5.0,seaweeds,2010,1106.75
5.0,seaweeds,2011,1142.0
5.0,shells,1981,139.0
5.0,shells,1982,122.0
5.0,shells,1983,157.0
5.0,shells,1984,168.75
5.0,shells,1985,148.25
5.0,shells,1986,133.75
5.0,shells,1987,89.25
5.0,shells,1988,50.0
5.0,shells,1989,137.75
5.0,shells,1990,189.75
5.0,shells,1991,179.5
5.0,shells,1992,169.0
5.0,shells,1993,68.5
5.0,shells,1994,7.0
5.0,shells,1995,16.5
5.0,shells,1996,45.0
5.0,shells,1997,147.0
5.0,shells,1998,145.0
5.0,shells,1999,134.0
5.0,shells,2000,104.75
5.0,shells,2001,1.75
5.0,shells,2002,3.5
5.0,shells,2003,4.5
5.0,shells,2004,8.25
5.0,shells,2005,12.75
5.0,shells,2006,12.75
5.0,shells,2007,11.275
5.0,shells,2008,8.275
5.0,shells,2009,4.775
5.0,shells,2010,3.025
5.0,shells,2011,4.0
5.0,sponges,1981,0.1
5.0,sponges,1982,0.1
5.0,sponges,1983,0.1
5.0,sponges,1984,0.1
5.0,sponges,1985,0.1
5.0,sponges,1986,0.1
5.0,sponges,1987,0.1
5.0,sponges,1988,0.1
5.0,sponges,1989,0.1
5.0,sponges,1990,1.075
5.0,sponges,1991,2.55
5.0,sponges,1992,4.025
5.0,sponges,1993,4.25
5.0,sponges,1994,7.025
5.0,sponges,1995,8.8
5.0,sponges,1996,8.3
5.0,sponges,1997,13.825
5.0,sponges,1998,10.575
5.0,sponges,1999,7.575
5.0,sponges,2000,8.1
5.0,sponges,2001,4.1
5.0,sponges,2002,3.625
5.0,sponges,2003,3.4
5.0,sponges,2004,1.925
5.0,sponges,2005,0.2
5.0,sponges,2006,0.675
5.0,sponges,2007,4463.15
5.0,sponges,2008,9285.35
5.0,sponges,2009,14643.3
5.0,sponges,2010,19206.55
5.0,sponges,2011,19295.55
6.0,corals,1981,0.1
6.0,corals,1982,0.1
6.0,corals,1983,0.1
6.0,corals,1984,0.1
6.0,corals,1985,0.1
6.0,corals,1986,0.1
6.0,corals,1987,0.1
6.0,corals,1988,0.075
6.0,corals,1989,0.05
6.0,corals,1990,0.025
6.0,corals,1991,0.0
6.0,corals,1992,0.0
6.0,corals,1993,0.0
6.0,corals,1994,0.0
6.0,corals,1995,0.0
6.0,corals,1996,0.0
6.0,corals,1997,0.0
6.0,corals,1998,0.0
6.0,corals,1999,0.0
6.0,corals,2000,0.0
6.0,corals,2001,0.0
6.0,corals,2002,0.0
6.0,corals,2003,0.0
6.0,corals,2004,0.0
6.0,corals,2005,0.0
6.0,corals,2006,0.0
6.0,corals,2007,0.0
6.0,corals,2008,0.0
6.0,corals,2009,0.0
6.0,corals,2010,0.0
6.0,corals,2011,0.0
6.0,fish_oil,1976,5992.0
6.0,fish_oil,1977,4339.0
6.0,fish_oil,1978,3491.0
6.0,fish_oil,1979,3431.0
6.0,fish_oil,1980,2729.75
6.0,fish_oil,1981,2472.5
6.0,fish_oil,1982,3003.5
6.0,fish_oil,1983,2296.0
6.0,fish_oil,1984,1951.25
6.0,fish_oil,1985,3515.5
6.0,fish_oil,1986,3126.25
6.0,fish_oil,1987,3570.0
6.0,fish_oil,1988,3690.0
6.0,fish_oil,1989,2674.75
6.0,fish_oil,1990,3781.0
6.0,fish_oil,1991,4103.0
6.0,fish_oil,1992,4988.75
6.0,fish_oil,1993,5673.0
6.0,fish_oil,1994,5218.5
6.0,fish_oil,1995,5224.5
6.0,fish_oil,1996,5525.75
6.0,fish_oil,1997,5237.75
6.0,fish_oil,1998,4867.75
6.0,fish_oil,1999,5782.0
6.0,fish_oil,2000,5065.0
6.0,fish_oil,2001,5102.5
6.0,fish_oil,2002,5772.0
6.0,fish_oil,2003,5090.0
6.0,fish_oil,2004,5107.0
6.0,fish_oil,2005,4705.5
6.0,fish_oil,2006,4529.5
6.0,fish_oil,2007,4416.0
6.0,fish_oil,2008,4521.0
6.0,fish_oil,2009,4195.0
6.0,fish_oil,2010,3628.25
6.0,fish_oil,2011,3839.75
6.0,ornamentals,1977,30.0
6.0,ornamentals,1978,15.05
6.0,ornamentals,1979,10.0666666666667
6.0,ornamentals,1980,7.575
6.0,ornamentals,1981,0.075
6.0,ornamentals,1982,0.05
6.0,ornamentals,1983,0.025
6.0,ornamentals,1984,0.0
6.0,ornamentals,1985,0.0
6.0,ornamentals,1986,0.0
6.0,ornamentals,1987,0.025
6.0,ornamentals,1988,0.05
6.0,ornamentals,1989,0.075
6.0,ornamentals,1990,0.1
6.0,ornamentals,1991,0.1
6.0,ornamentals,1992,0.575
6.0,ornamentals,1993,50.8
6.0,ornamentals,1994,68.525
6.0,ornamentals,1995,117.25
6.0,ornamentals,1996,700.5
6.0,ornamentals,1997,820.5
6.0,ornamentals,1998,1011.25
6.0,ornamentals,1999,1217.5
6.0,ornamentals,2000,918.25
6.0,ornamentals,2001,1130.25
6.0,ornamentals,2002,1063.75
6.0,ornamentals,2003,1406.75
6.0,ornamentals,2004,1865.5
6.0,ornamentals,2005,2444.75
6.0,ornamentals,2006,3376.75
6.0,ornamentals,2007,3873.5
6.0,ornamentals,2008,4076.0
6.0,ornamentals,2009,4727.5
6.0,ornamentals,2010,5675.75
6.0,ornamentals,2011,6886.75
6.0,seaweeds,1981,812.0
6.0,seaweeds,1982,406.0
6.0,seaweeds,1983,586.0
6.0,seaweeds,1984,439.5
6.0,seaweeds,1985,236.5
6.0,seaweeds,1986,375.75
6.0,seaweeds,1987,318.25
6.0,seaweeds,1988,569.25
6.0,seaweeds,1989,741.0
6.0,seaweeds,1990,678.0
6.0,seaweeds,1991,625.5
6.0,seaweeds,1992,478.5
6.0,seaweeds,1993,402.0
6.0,seaweeds,1994,519.0
6.0,seaweeds,1995,597.5
6.0,seaweeds,1996,791.75
6.0,seaweeds,1997,969.0
6.0,seaweeds,1998,1059.5
6.0,seaweeds,1999,1047.75
6.0,seaweeds,2000,986.75
6.0,seaweeds,2001,890.75
6.0,seaweeds,2002,808.5
6.0,seaweeds,2003,806.75
6.0,seaweeds,2004,840.25
6.0,seaweeds,2005,951.0
6.0,seaweeds,2006,1017.0
6.0,seaweeds,2007,1135.25
6.0,seaweeds,2008,1098.5
6.0,seaweeds,2009,1074.75
6.0,seaweeds,2010,1106.75
6.0,seaweeds,2011,1142.0
6.0,shells,1981,139.0
6.0,shells,1982,122.0
6.0,shells,1983,157.0
6.0,shells,1984,168.75
6.0,shells,1985,148.25
6.0,shells,1986,133.75
6.0,shells,1987,89.25
6.0,shells,1988,50.0
6.0,shells,1989,137.75
6.0,shells,1990,189.75
6.0,shells,1991,179.5
6.0,shells,1992,169.0
6.0,shells,1993,68.5
6.0,shells,1994,7.0
6.0,shells,1995,16.5
6.0,shells,1996,45.0
6.0,shells,1997,147.0
6.0,shells,1998,145.0
6.0,shells,1999,134.0
6.0,shells,2000,104.75
6.0,shells,2001,1.75
6.0,shells,2002,3.5
6.0,shells,2003,4.5
6.0,shells,2004,8.25
6.0,shells,2005,12.75
6.0,shells,2006,12.75
6.0,shells,2007,11.275
6.0,shells,2008,8.275
6.0,shells,2009,4.775
6.0,shells,2010,3.025
6.0,shells,2011,4.0
6.0,sponges,1981,0.1
6.0,sponges,1982,0.1
6.0,sponges,1983,0.1
6.0,sponges,1984,0.1
6.0,sponges,1985,0.1
6.0,sponges,1986,0.1
6.0,sponges,1987,0.1
6.0,sponges,1988,0.1
6.0,sponges,1989,0.1
6.0,sponges,1990,1.075
6.0,sponges,1991,2.55
6.0,sponges,1992,4.025
6.0,sponges,1993,4.25
6.0,sponges,1994,7.025
6.0,sponges,1995,8.8
6.0,sponges,1996,8.3
6.0,sponges,1997,13.825
6.0,sponges,1998,10.575
6.0,sponges,1999,7.575
6.0,sponges,2000,8.1
6.0,sponges,2001,4.1
6.0,sponges,2002,3.625
6.0,sponges,2003,3.4
6.0,sponges,2004,1.925
6.0,sponges,2005,0.2
6.0,sponges,2006,0.675
6.0,sponges,2007,4463.15
6.0,sponges,2008,9285.35
6.0,sponges,2009,14643.3
6.0,sponges,2010,19206.55
6.0,sponges,2011,19295.55
7.0,corals,1981,0.1
7.0,corals,1982,0.1
7.0,corals,1983,0.1
7.0,corals,1984,0.1
7.0,corals,1985,0.1
7.0,corals,1986,0.1
7.0,corals,1987,0.1
7.0,corals,1988,0.075
7.0,corals,1989,0.05
7.0,corals,1990,0.025
7.0,corals,1991,0.0
7.0,corals,1992,0.0
7.0,corals,1993,0.0
7.0,corals,1994,0.0
7.0,corals,1995,0.0
7.0,corals,1996,0.0
7.0,corals,1997,0.0
7.0,corals,1998,0.0
7.0,corals,1999,0.0
7.0,corals,2000,0.0
7.0,corals,2001,0.0
7.0,corals,2002,0.0
7.0,corals,2003,0.0
7.0,corals,2004,0.0
7.0,corals,2005,0.0
7.0,corals,2006,0.0
7.0,corals,2007,0.0
7.0,corals,2008,0.0
7.0,corals,2009,0.0
7.0,corals,2010,0.0
7.0,corals,2011,0.0
7.0,fish_oil,1976,5992.0
7.0,fish_oil,1977,4339.0
7.0,fish_oil,1978,3491.0
7.0,fish_oil,1979,3431.0
7.0,fish_oil,1980,2729.75
7.0,fish_oil,1981,2472.5
7.0,fish_oil,1982,3003.5
7.0,fish_oil,1983,2296.0
7.0,fish_oil,1984,1951.25
7.0,fish_oil,1985,3515.5
7.0,fish_oil,1986,3126.25
7.0,fish_oil,1987,3570.0
7.0,fish_oil,1988,3690.0
7.0,fish_oil,1989,2674.75
7.0,fish_oil,1990,3781.0
7.0,fish_oil,1991,4103.0
7.0,fish_oil,1992,4988.75
7.0,fish_oil,1993,5673.0
7.0,fish_oil,1994,5218.5
7.0,fish_oil,1995,5224.5
7.0,fish_oil,1996,5525.75
7.0,fish_oil,1997,5237.75
7.0,fish_oil,1998,4867.75
7.0,fish_oil,1999,5782.0
7.0,fish_oil,2000,5065.0
7.0,fish_oil,2001,5102.5
7.0,fish_oil,2002,5772.0
7.0,fish_oil,2003,5090.0
7.0,fish_oil,2004,5107.0
7.0,fish_oil,2005,4705.5
7.0,fish_oil,2006,4529.5
7.0,fish_oil,2007,4416.0
7.0,fish_oil,2008,4521.0
7.0,fish_oil,2009,4195.0
7.0,fish_oil,2010,3628.25
7.0,fish_oil,2011,3839.75
7.0,ornamentals,1977,30.0
7.0,ornamentals,1978,15.05
7.0,ornamentals,1979,10.0666666666667
7.0,ornamentals,1980,7.575
7.0,ornamentals,1981,0.075
7.0,ornamentals,1982,0.05
7.0,ornamentals,1983,0.025
7.0,ornamentals,1984,0.0
7.0,ornamentals,1985,0.0
7.0,ornamentals,1986,0.0
7.0,ornamentals,1987,0.025
7.0,ornamentals,1988,0.05
7.0,ornamentals,1989,0.075
7.0,ornamentals,1990,0.1
7.0,ornamentals,1991,0.1
7.0,ornamentals,1992,0.575
7.0,ornamentals,1993,50.8
7.0,ornamentals,1994,68.525
7.0,ornamentals,1995,117.25
7.0,ornamentals,1996,700.5
7.0,ornamentals,1997,820.5
7.0,ornamentals,1998,1011.25
7.0,ornamentals,1999,1217.5
7.0,ornamentals,2000,918.25
7.0,ornamentals,2001,1130.25
7.0,ornamentals,2002,1063.75
7.0,ornamentals,2003,1406.75
7.0,ornamentals,2004,1865.5
7.0,ornamentals,2005,2444.75
7.0,ornamentals,2006,3376.75
7.0,ornamentals,2007,3873.5
7.0,ornamentals,2008,4076.0
7.0,ornamentals,2009,4727.5
7.0,ornamentals,2010,5675.75
7.0,ornamentals,2011,6886.75
7.0,seaweeds,1981,812.0
7.0,seaweeds,1982,406.0
7.0,seaweeds,1983,586.0
7.0,seaweeds,1984,439.5
7.0,seaweeds,1985,236.5
7.0,seaweeds,1986,375.75
7.0,seaweeds,1987,318.25
7.0,seaweeds,1988,569.25
7.0,seaweeds,1989,741.0
7.0,seaweeds,1990,678.0
7.0,seaweeds,1991,625.5
7.0,seaweeds,1992,478.5
7.0,seaweeds,1993,402.0
7.0,seaweeds,1994,519.0
7.0,seaweeds,1995,597.5
7.0,seaweeds,1996,791.75
7.0,seaweeds,1997,969.0
7.0,seaweeds,1998,1059.5
7.0,seaweeds,1999,1047.75
7.0,seaweeds,2000,986.75
7.0,seaweeds,2001,890.75
7.0,seaweeds,2002,808.5
7.0,seaweeds,2003,806.75
7.0,seaweeds,2004,840.25
7.0,seaweeds,2005,951.0
7.0,seaweeds,2006,1017.0
7.0,seaweeds,2007,1135.25
7.0,seaweeds,2008,1098.5
7.0,seaweeds,2009,1074.75
7.0,seaweeds,2010,1106.75
7.0,seaweeds,2011,1142.0
7.0,shells,1981,139.0
7.0,shells,1982,122.0
7.0,shells,1983,157.0
7.0,shells,1984,168.75
7.0,shells,1985,148.25
7.0,shells,1986,133.75
7.0,shells,1987,89.25
7.0,shells,1988,50.0
7.0,shells,1989,137.75
7.0,shells,1990,189.75
7.0,shells,1991,179.5
7.0,shells,1992,169.0
7.0,shells,1993,68.5
7.0,shells,1994,7.0
7.0,shells,1995,16.5
7.0,shells,1996,45.0
7.0,shells,1997,147.0
7.0,shells,1998,145.0
7.0,shells,1999,134.0
7.0,shells,2000,104.75
7.0,shells,2001,1.75
7.0,shells,2002,3.5
7.0,shells,2003,4.5
7.0,shells,2004,8.25
7.0,shells,2005,12.75
7.0,shells,2006,12.75
7.0,shells,2007,11.275
7.0,shells,2008,8.275
7.0,shells,2009,4.775
7.0,shells,2010,3.025
7.0,shells,2011,4.0
7.0,sponges,1981,0.1
7.0,sponges,1982,0.1
7.0,sponges,1983,0.1
7.0,sponges,1984,0.1
7.0,sponges,1985,0.1
7.0,sponges,1986,0.1
7.0,sponges,1987,0.1
7.0,sponges,1988,0.1
7.0,sponges,1989,0.1
7.0,sponges,1990,1.075
7.0,sponges,1991,2.55
7.0,sponges,1992,4.025
7.0,sponges,1993,4.25
7.0,sponges,1994,7.025
7.0,sponges,1995,8.8
7.0,sponges,1996,8.3
7.0,sponges,1997,13.825
7.0,sponges,1998,10.575
7.0,sponges,1999,7.575
7.0,sponges,2000,8.1
7.0,sponges,2001,4.1
7.0,sponges,2002,3.625
7.0,sponges,2003,3.4
7.0,sponges,2004,1.925
7.0,sponges,2005,0.2
7.0,sponges,2006,0.675
7.0,sponges,2007,4463.15
7.0,sponges,2008,9285.35
7.0,sponges,2009,14643.3
7.0,sponges,2010,19206.55
7.0,sponges,2011,19295.55
8.0,corals,1981,0.1
8.0,corals,1982,0.1
8.0,corals,1983,0.1
8.0,corals,1984,0.1
8.0,corals,1985,0.1
8.0,corals,1986,0.1
8.0,corals,1987,0.1
8.0,corals,1988,0.075
8.0,corals,1989,0.05
8.0,corals,1990,0.025
8.0,corals,1991,0.0
8.0,corals,1992,0.0
8.0,corals,1993,0.0
8.0,corals,1994,0.0
8.0,corals,1995,0.0
8.0,corals,1996,0.0
8.0,corals,1997,0.0
8.0,corals,1998,0.0
8.0,corals,1999,0.0
8.0,corals,2000,0.0
8.0,corals,2001,0.0
8.0,corals,2002,0.0
8.0,corals,2003,0.0
8.0,corals,2004,0.0
8.0,corals,2005,0.0
8.0,corals,2006,0.0
8.0,corals,2007,0.0
8.0,corals,2008,0.0
8.0,corals,2009,0.0
8.0,corals,2010,0.0
8.0,corals,2011,0.0
8.0,fish_oil,1976,5992.0
8.0,fish_oil,1977,4339.0
8.0,fish_oil,1978,3491.0
8.0,fish_oil,1979,3431.0
8.0,fish_oil,1980,2729.75
8.0,fish_oil,1981,2472.5
8.0,fish_oil,1982,3003.5
8.0,fish_oil,1983,2296.0
8.0,fish_oil,1984,1951.25
8.0,fish_oil,1985,3515.5
8.0,fish_oil,1986,3126.25
8.0,fish_oil,1987,3570.0
8.0,fish_oil,1988,3690.0
8.0,fish_oil,1989,2674.75
8.0,fish_oil,1990,3781.0
8.0,fish_oil,1991,4103.0
8.0,fish_oil,1992,4988.75
8.0,fish_oil,1993,5673.0
8.0,fish_oil,1994,5218.5
8.0,fish_oil,1995,5224.5
8.0,fish_oil,1996,5525.75
8.0,fish_oil,1997,5237.75
8.0,fish_oil,1998,4867.75
8.0,fish_oil,1999,5782.0
8.0,fish_oil,2000,5065.0
8.0,fish_oil,2001,5102.5
8.0,fish_oil,2002,5772.0
8.0,fish_oil,2003,5090.0
8.0,fish_oil,2004,5107.0
8.0,fish_oil,2005,4705.5
8.0,fish_oil,2006,4529.5
8.0,fish_oil,2007,4416.0
8.0,fish_oil,2008,4521.0
8.0,fish_oil,2009,4195.0
8.0,fish_oil,2010,3628.25
8.0,fish_oil,2011,3839.75
8.0,ornamentals,1977,30.0
8.0,ornamentals,1978,15.05
8.0,ornamentals,1979,10.0666666666667
8.0,ornamentals,1980,7.575
8.0,ornamentals,1981,0.075
8.0,ornamentals,1982,0.05
8.0,ornamentals,1983,0.025
8.0,ornamentals,1984,0.0
8.0,ornamentals,1985,0.0
8.0,ornamentals,1986,0.0
8.0,ornamentals,1987,0.025
8.0,ornamentals,1988,0.05
8.0,ornamentals,1989,0.075
8.0,ornamentals,1990,0.1
8.0,ornamentals,1991,0.1
8.0,ornamentals,1992,0.575
8.0,ornamentals,1993,50.8
8.0,ornamentals,1994,68.525
8.0,ornamentals,1995,117.25
8.0,ornamentals,1996,700.5
8.0,ornamentals,1997,820.5
8.0,ornamentals,1998,1011.25
8.0,ornamentals,1999,1217.5
8.0,ornamentals,2000,918.25
8.0,ornamentals,2001,1130.25
8.0,ornamentals,2002,1063.75
8.0,ornamentals,2003,1406.75
8.0,ornamentals,2004,1865.5
8.0,ornamentals,2005,2444.75
8.0,ornamentals,2006,3376.75
8.0,ornamentals,2007,3873.5
8.0,ornamentals,2008,4076.0
8.0,ornamentals,2009,4727.5
8.0,ornamentals,2010,5675.75
8.0,ornamentals,2011,6886.75
8.0,seaweeds,1981,812.0
8.0,seaweeds,1982,406.0
8.0,seaweeds,1983,586.0
8.0,seaweeds,1984,439.5
8.0,seaweeds,1985,236.5
8.0,seaweeds,1986,375.75
8.0,seaweeds,1987,318.25
8.0,seaweeds,1988,569.25
8.0,seaweeds,1989,741.0
8.0,seaweeds,1990,678.0
8.0,seaweeds,1991,625.5
8.0,seaweeds,1992,478.5
8.0,seaweeds,1993,402.0
8.0,seaweeds,1994,519.0
8.0,seaweeds,1995,597.5
8.0,seaweeds,1996,791.75
8.0,seaweeds,1997,969.0
8.0,seaweeds,1998,1059.5
8.0,seaweeds,1999,1047.75
8.0,seaweeds,2000,986.75
8.0,seaweeds,2001,890.75
8.0,seaweeds,2002,808.5
8.0,seaweeds,2003,806.75
8.0,seaweeds,2004,840.25
8.0,seaweeds,2005,951.0
8.0,seaweeds,2006,1017.0
8.0,seaweeds,2007,1135.25
8.0,seaweeds,2008,1098.5
8.0,seaweeds,2009,1074.75
8.0,seaweeds,2010,1106.75
8.0,seaweeds,2011,1142.0
8.0,shells,1981,139.0
8.0,shells,1982,122.0
8.0,shells,1983,157.0
8.0,shells,1984,168.75
8.0,shells,1985,148.25
8.0,shells,1986,133.75
8.0,shells,1987,89.25
8.0,shells,1988,50.0
8.0,shells,1989,137.75
8.0,shells,1990,189.75
8.0,shells,1991,179.5
8.0,shells,1992,169.0
8.0,shells,1993,68.5
8.0,shells,1994,7.0
8.0,shells,1995,16.5
8.0,shells,1996,45.0
8.0,shells,1997,147.0
8.0,shells,1998,145.0
8.0,shells,1999,134.0
8.0,shells,2000,104.75
8.0,shells,2001,1.75
8.0,shells,2002,3.5
8.0,shells,2003,4.5
8.0,shells,2004,8.25
8.0,shells,2005,12.75
8.0,shells,2006,12.75
8.0,shells,2007,11.275
8.0,shells,2008,8.275
8.0,shells,2009,4.775
8.0,shells,2010,3.025
8.0,shells,2011,4.0
8.0,sponges,1981,0.1
8.0,sponges,1982,0.1
8.0,sponges,1983,0.1
8.0,sponges,1984,0.1
8.0,sponges,1985,0.1
8.0,sponges,1986,0.1
8.0,sponges,1987,0.1
8.0,sponges,1988,0.1
8.0,sponges,1989,0.1
8.0,sponges,1990,1.075
8.0,sponges,1991,2.55
8.0,sponges,1992,4.025
8.0,sponges,1993,4.25
8.0,sponges,1994,7.025
8.0,sponges,1995,8.8
8.0,sponges,1996,8.3
8.0,sponges,1997,13.825
8.0,sponges,1998,10.575
8.0,sponges,1999,7.575
8.0,sponges,2000,8.1
8.0,sponges,2001,4.1
8.0,sponges,2002,3.625
8.0,sponges,2003,3.4
8.0,sponges,2004,1.925
8.0,sponges,2005,0.2
8.0,sponges,2006,0.675
8.0,sponges,2007,4463.15
8.0,sponges,2008,9285.35
8.0,sponges,2009,14643.3
8.0,sponges,2010,19206.55
8.0,sponges,2011,19295.55
9.0,corals,1981,0.1
9.0,corals,1982,0.1
9.0,corals,1983,0.1
9.0,corals,1984,0.1
9.0,corals,1985,0.1
9.0,corals,1986,0.1
9.0,corals,1987,0.1
9.0,corals,1988,0.075
9.0,corals,1989,0.05
9.0,corals,1990,0.025
9.0,corals,1991,0.0
9.0,corals,1992,0.0
9.0,corals,1993,0.0
9.0,corals,1994,0.0
9.0,corals,1995,0.0
9.0,corals,1996,0.0
9.0,corals,1997,0.0
9.0,corals,1998,0.0
9.0,corals,1999,0.0
9.0,corals,2000,0.0
9.0,corals,2001,0.0
9.0,corals,2002,0.0
9.0,corals,2003,0.0
9.0,corals,2004,0.0
9.0,corals,2005,0.0
9.0,corals,2006,0.0
9.0,corals,2007,0.0
9.0,corals,2008,0.0
9.0,corals,2009,0.0
9.0,corals,2010,0.0
9.0,corals,2011,0.0
9.0,fish_oil,1976,5992.0
9.0,fish_oil,1977,4339.0
9.0,fish_oil,1978,3491.0
9.0,fish_oil,1979,3431.0
9.0,fish_oil,1980,2729.75
9.0,fish_oil,1981,2472.5
9.0,fish_oil,1982,3003.5
9.0,fish_oil,1983,2296.0
9.0,fish_oil,1984,1951.25
9.0,fish_oil,1985,3515.5
9.0,fish_oil,1986,3126.25
9.0,fish_oil,1987,3570.0
9.0,fish_oil,1988,3690.0
9.0,fish_oil,1989,2674.75
9.0,fish_oil,1990,3781.0
9.0,fish_oil,1991,4103.0
9.0,fish_oil,1992,4988.75
9.0,fish_oil,1993,5673.0
9.0,fish_oil,1994,5218.5
9.0,fish_oil,1995,5224.5
9.0,fish_oil,1996,5525.75
9.0,fish_oil,1997,5237.75
9.0,fish_oil,1998,4867.75
9.0,fish_oil,1999,5782.0
9.0,fish_oil,2000,5065.0
9.0,fish_oil,2001,5102.5
9.0,fish_oil,2002,5772.0
9.0,fish_oil,2003,5090.0
9.0,fish_oil,2004,5107.0
9.0,fish_oil,2005,4705.5
9.0,fish_oil,2006,4529.5
9.0,fish_oil,2007,4416.0
9.0,fish_oil,2008,4521.0
9.0,fish_oil,2009,4195.0
9.0,fish_oil,2010,3628.25
9.0,fish_oil,2011,3839.75
9.0,ornamentals,1977,30.0
9.0,ornamentals,1978,15.05
9.0,ornamentals,1979,10.0666666666667
9.0,ornamentals,1980,7.575
9.0,ornamentals,1981,0.075
9.0,ornamentals,1982,0.05
9.0,ornamentals,1983,0.025
9.0,ornamentals,1984,0.0
9.0,ornamentals,1985,0.0
9.0,ornamentals,1986,0.0
9.0,ornamentals,1987,0.025
9.0,ornamentals,1988,0.05
9.0,ornamentals,1989,0.075
9.0,ornamentals,1990,0.1
9.0,ornamentals,1991,0.1
9.0,ornamentals,1992,0.575
9.0,ornamentals,1993,50.8
9.0,ornamentals,1994,68.525
9.0,ornamentals,1995,117.25
9.0,ornamentals,1996,700.5
9.0,ornamentals,1997,820.5
9.0,ornamentals,1998,1011.25
9.0,ornamentals,1999,1217.5
9.0,ornamentals,2000,918.25
9.0,ornamentals,2001,1130.25
9.0,ornamentals,2002,1063.75
9.0,ornamentals,2003,1406.75
9.0,ornamentals,2004,1865.5
9.0,ornamentals,2005,2444.75
9.0,ornamentals,2006,3376.75
9.0,ornamentals,2007,3873.5
9.0,ornamentals,2008,4076.0
9.0,ornamentals,2009,4727.5
9.0,ornamentals,2010,5675.75
9.0,ornamentals,2011,6886.75
9.0,seaweeds,1981,812.0
9.0,seaweeds,1982,406.0
9.0,seaweeds,1983,586.0
9.0,seaweeds,1984,439.5
9.0,seaweeds,1985,236.5
9.0,seaweeds,1986,375.75
9.0,seaweeds,1987,318.25
9.0,seaweeds,1988,569.25
9.0,seaweeds,1989,741.0
9.0,seaweeds,1990,678.0
9.0,seaweeds,1991,625.5
9.0,seaweeds,1992,478.5
9.0,seaweeds,1993,402.0
9.0,seaweeds,1994,519.0
9.0,seaweeds,1995,597.5
9.0,seaweeds,1996,791.75
9.0,seaweeds,1997,969.0
9.0,seaweeds,1998,1059.5
9.0,seaweeds,1999,1047.75
9.0,seaweeds,2000,986.75
9.0,seaweeds,2001,890.75
9.0,seaweeds,2002,808.5
9.0,seaweeds,2003,806.75
9.0,seaweeds,2004,840.25
9.0,seaweeds,2005,951.0
9.0,seaweeds,2006,1017.0
9.0,seaweeds,2007,1135.25
9.0,seaweeds,2008,1098.5
9.0,seaweeds,2009,1074.75
9.0,seaweeds,2010,1106.75
9.0,seaweeds,2011,1142.0
9.0,shells,1981,139.0
9.0,shells,1982,122.0
9.0,shells,1983,157.0
9.0,shells,1984,168.75
9.0,shells,1985,148.25
9.0,shells,1986,133.75
9.0,shells,1987,89.25
9.0,shells,1988,50.0
9.0,shells,1989,137.75
9.0,shells,1990,189.75
9.0,shells,1991,179.5
9.0,shells,1992,169.0
9.0,shells,1993,68.5
9.0,shells,1994,7.0
9.0,shells,1995,16.5
9.0,shells,1996,45.0
9.0,shells,1997,147.0
9.0,shells,1998,145.0
9.0,shells,1999,134.0
9.0,shells,2000,104.75
9.0,shells,2001,1.75
9.0,shells,2002,3.5
9.0,shells,2003,4.5
9.0,shells,2004,8.25
9.0,shells,2005,12.75
9.0,shells,2006,12.75
9.0,shells,2007,11.275
9.0,shells,2008,8.275
9.0,shells,2009,4.775
9.0,shells,2010,3.025
9.0,shells,2011,4.0
9.0,sponges,1981,0.1
9.0,sponges,1982,0.1
9.0,sponges,1983,0.1
9.0,sponges,1984,0.1
9.0,sponges,1985,0.1
9.0,sponges,1986,0.1
9.0,sponges,1987,0.1
9.0,sponges,1988,0.1
9.0,sponges,1989,0.1
9.0,sponges,1990,1.075
9.0,sponges,1991,2.55
9.0,sponges,1992,4.025
9.0,sponges,1993,4.25
9.0,sponges,1994,7.025
9.0,sponges,1995,8.8
9.0,sponges,1996,8.3
9.0,sponges,1997,13.825
9.0,sponges,1998,10.575
9.0,sponges,1999,7.575
9.0,sponges,2000,8.1
9.0,sponges,2001,4.1
9.0,sponges,2002,3.625
9.0,sponges,2003,3.4
9.0,sponges,2004,1.925
9.0,sponges,2005,0.2
9.0,sponges,2006,0.675
9.0,sponges,2007,4463.15
9.0,sponges,2008,9285.35
9.0,sponges,2009,14643.3
9.0,sponges,2010,19206.55
9.0,sponges,2011,19295.55
10.0,corals,1981,0.1
10.0,corals,1982,0.1
10.0,corals,1983,0.1
10.0,corals,1984,0.1
10.0,corals,1985,0.1
10.0,corals,1986,0.1
10.0,corals,1987,0.1
10.0,corals,1988,0.075
10.0,corals,1989,0.05
10.0,corals,1990,0.025
10.0,corals,1991,0.0
10.0,corals,1992,0.0
10.0,corals,1993,0.0
10.0,corals,1994,0.0
10.0,corals,1995,0.0
10.0,corals,1996,0.0
10.0,corals,1997,0.0
10.0,corals,1998,0.0
10.0,corals,1999,0.0
10.0,corals,2000,0.0
10.0,corals,2001,0.0
10.0,corals,2002,0.0
10.0,corals,2003,0.0
10.0,corals,2004,0.0
10.0,corals,2005,0.0
10.0,corals,2006,0.0
10.0,corals,2007,0.0
10.0,corals,2008,0.0
10.0,corals,2009,0.0
10.0,corals,2010,0.0
10.0,corals,2011,0.0
10.0,fish_oil,1976,5992.0
10.0,fish_oil,1977,4339.0
10.0,fish_oil,1978,3491.0
10.0,fish_oil,1979,3431.0
10.0,fish_oil,1980,2729.75
10.0,fish_oil,1981,2472.5
10.0,fish_oil,1982,3003.5
10.0,fish_oil,1983,2296.0
10.0,fish_oil,1984,1951.25
10.0,fish_oil,1985,3515.5
10.0,fish_oil,1986,3126.25
10.0,fish_oil,1987,3570.0
10.0,fish_oil,1988,3690.0
10.0,fish_oil,1989,2674.75
10.0,fish_oil,1990,3781.0
10.0,fish_oil,1991,4103.0
10.0,fish_oil,1992,4988.75
10.0,fish_oil,1993,5673.0
10.0,fish_oil,1994,5218.5
10.0,fish_oil,1995,5224.5
10.0,fish_oil,1996,5525.75
10.0,fish_oil,1997,5237.75
10.0,fish_oil,1998,4867.75
10.0,fish_oil,1999,5782.0
10.0,fish_oil,2000,5065.0
10.0,fish_oil,2001,5102.5
10.0,fish_oil,2002,5772.0
10.0,fish_oil,2003,5090.0
10.0,fish_oil,2004,5107.0
10.0,fish_oil,2005,4705.5
10.0,fish_oil,2006,4529.5
10.0,fish_oil,2007,4416.0
10.0,fish_oil,2008,4521.0
10.0,fish_oil,2009,4195.0
10.0,fish_oil,2010,3628.25
10.0,fish_oil,2011,3839.75
10.0,ornamentals,1977,30.0
10.0,ornamentals,1978,15.05
10.0,ornamentals,1979,10.0666666666667
10.0,ornamentals,1980,7.575
10.0,ornamentals,1981,0.075
10.0,ornamentals,1982,0.05
10.0,ornamentals,1983,0.025
10.0,ornamentals,1984,0.0
10.0,ornamentals,1985,0.0
10.0,ornamentals,1986,0.0
10.0,ornamentals,1987,0.025
10.0,ornamentals,1988,0.05
10.0,ornamentals,1989,0.075
10.0,ornamentals,1990,0.1
10.0,ornamentals,1991,0.1
10.0,ornamentals,1992,0.575
10.0,ornamentals,1993,50.8
10.0,ornamentals,1994,68.525
10.0,ornamentals,1995,117.25
10.0,ornamentals,1996,700.5
10.0,ornamentals,1997,820.5
10.0,ornamentals,1998,1011.25
10.0,ornamentals,1999,1217.5
10.0,ornamentals,2000,918.25
10.0,ornamentals,2001,1130.25
10.0,ornamentals,2002,1063.75
10.0,ornamentals,2003,1406.75
10.0,ornamentals,2004,1865.5
10.0,ornamentals,2005,2444.75
10.0,ornamentals,2006,3376.75
10.0,ornamentals,2007,3873.5
10.0,ornamentals,2008,4076.0
10.0,ornamentals,2009,4727.5
10.0,ornamentals,2010,5675.75
10.0,ornamentals,2011,6886.75
10.0,seaweeds,1981,812.0
10.0,seaweeds,1982,406.0
10.0,seaweeds,1983,586.0
10.0,seaweeds,1984,439.5
10.0,seaweeds,1985,236.5
10.0,seaweeds,1986,375.75
10.0,seaweeds,1987,318.25
10.0,seaweeds,1988,569.25
10.0,seaweeds,1989,741.0
10.0,seaweeds,1990,678.0
10.0,seaweeds,1991,625.5
10.0,seaweeds,1992,478.5
10.0,seaweeds,1993,402.0
10.0,seaweeds,1994,519.0
10.0,seaweeds,1995,597.5
10.0,seaweeds,1996,791.75
10.0,seaweeds,1997,969.0
10.0,seaweeds,1998,1059.5
10.0,seaweeds,1999,1047.75
10.0,seaweeds,2000,986.75
10.0,seaweeds,2001,890.75
10.0,seaweeds,2002,808.5
10.0,seaweeds,2003,806.75
10.0,seaweeds,2004,840.25
10.0,seaweeds,2005,951.0
10.0,seaweeds,2006,1017.0
10.0,seaweeds,2007,1135.25
10.0,seaweeds,2008,1098.5
10.0,seaweeds,2009,1074.75
10.0,seaweeds,2010,1106.75
10.0,seaweeds,2011,1142.0
10.0,shells,1981,139.0
10.0,shells,1982,122.0
10.0,shells,1983,157.0
10.0,shells,1984,168.75
10.0,shells,1985,148.25
10.0,shells,1986,133.75
10.0,shells,1987,89.25
10.0,shells,1988,50.0
10.0,shells,1989,137.75
10.0,shells,1990,189.75
10.0,shells,1991,179.5
10.0,shells,1992,169.0
10.0,shells,1993,68.5
10.0,shells,1994,7.0
10.0,shells,1995,16.5
10.0,shells,1996,45.0
10.0,shells,1997,147.0
10.0,shells,1998,145.0
10.0,shells,1999,134.0
10.0,shells,2000,104.75
10.0,shells,2001,1.75
10.0,shells,2002,3.5
10.0,shells,2003,4.5
10.0,shells,2004,8.25
10.0,shells,2005,12.75
10.0,shells,2006,12.75
10.0,shells,2007,11.275
10.0,shells,2008,8.275
10.0,shells,2009,4.775
10.0,shells,2010,3.025
10.0,shells,2011,4.0
10.0,sponges,1981,0.1
10.0,sponges,1982,0.1
10.0,sponges,1983,0.1
10.0,sponges,1984,0.1
10.0,sponges,1985,0.1
10.0,sponges,1986,0.1
10.0,sponges,1987,0.1
10.0,sponges,1988,0.1
10.0,sponges,1989,0.1
10.0,sponges,1990,1.075
10.0,sponges,1991,2.55
10.0,sponges,1992,4.025
10.0,sponges,1993,4.25
10.0,sponges,1994,7.025
10.0,sponges,1995,8.8
10.0,sponges,1996,8.3
10.0,sponges,1997,13.825
10.0,sponges,1998,10.575
10.0,sponges,1999,7.575
10.0,sponges,2000,8.1
10.0,sponges,2001,4.1
10.0,sponges,2002,3.625
10.0,sponges,2003,3.4
10.0,sponges,2004,1.925
10.0,sponges,2005,0.2
10.0,sponges,2006,0.675
10.0,sponges,2007,4463.15
10.0,sponges,2008,9285.35
10.0,sponges,2009,14643.3
10.0,sponges,2010,19206.55
10.0,sponges,2011,19295.55
